<?xml version="1.0" encoding="utf-8" ?><dwsync><file name="index.html" server="gersonmartinez.com" local="3441855281" remote="321173538963091236" Dst="-1" /><file name="about.html" server="gersonmartinez.com" local="3438437979" remote="321173538959679576" Dst="-1" /><file name="contact.html" server="gersonmartinez.com" local="3438442402" remote="321173538959679096" Dst="-1" /><file name="gallery.html" server="gersonmartinez.com" local="3438440590" remote="321173538959679156" Dst="-1" /><file name="resources.html" server="gersonmartinez.com" local="3438513479" remote="321173538959749416" Dst="-1" /><file name="speaking.html" server="gersonmartinez.com" local="3438438084" remote="321173538959679156" Dst="-1" /><file name="adaptive-images.php" server="gersonmartinez.com" local="3438820900" remote="321173538960056796" Dst="-1" /><file name=".htaccess" server="gersonmartinez.com" local="3438820418" remote="321173538960056316" Dst="-1" /></dwsync>