<?xml version="1.0" encoding="utf-8" ?><dwsync><file name="revised head.png" server="gersonmartinez.com" local="3438372167" remote="321173538959628696" Dst="-1" /><file name="favicon.ico" server="gersonmartinez.com" local="3438401240" remote="321173538959637156" Dst="-1" /><file name="apple-touch-icon.png" server="gersonmartinez.com" local="3438400478" remote="321173538959637156" Dst="-1" /><file name="apple-touch-icon-72x72.png" server="gersonmartinez.com" local="3438400617" remote="321173538959637156" Dst="-1" /><file name="apple-touch-icon-114x114.png" server="gersonmartinez.com" local="3438400593" remote="321173538959637156" Dst="-1" /><file name="book_esp.jpg" server="gersonmartinez.com" local="3438392926" remote="321173538959635116" Dst="-1" /><file name="hector_sm.jpg" server="gersonmartinez.com" local="3438393438" remote="321173538959635116" Dst="-1" /><file name="Gerson_large.jpg" server="gersonmartinez.com" local="3386347006" remote="321173538959635116" Dst="-1" /><file name="gerson010_color72.jpg" server="gersonmartinez.com" local="3423354814" remote="321173538959635116" Dst="-1" /><file name="gerson007.JPG" server="gersonmartinez.com" local="3287594524" remote="321173538959679096" Dst="-1" /><file name="gerson005.JPG" server="gersonmartinez.com" local="3287594142" remote="321173538959679096" Dst="-1" /><file name="gerson019.JPG" server="gersonmartinez.com" local="3287594686" remote="321173538959679096" Dst="-1" /><file name="Gerson005.jpg" server="gersonmartinez.com" local="3287594142" remote="321173538959679156" Dst="-1" /><file name="paypal-header.png" server="gersonmartinez.com" local="3438823780" remote="321173538960059676" Dst="-1" /></dwsync>